"","Player","Team","GP","MIN","FGM","FGA","FG%","3PM","3PA","3P%","FTM","FTA","FT%","TOV","PF","ORB","DRB","REB","AST","STL","BLK","PTS","YEAR","POSITION","salary"
"1","Ryan Arcidiacono","CHI",81,1961.3,187,418,0.447,"81","217","0.373",89,102,0.873,"63",171,"27","192",219,269,"65","4",544,"2019","PG",3e+06
"2","D.J. Augustin","ORL",81,2269.1,318,677,0.47,"131","311","0.421",181,209,0.866,"128",115,"41","162",203,426,"52","4",948,"2019","PG",7250000
"3","Lonzo Ball","LAL",47,1422.6,185,456,0.406,"75","228","0.329",20,48,0.417,"103",114,"54","197",251,255,"69","19",465,"2019","PG",8719320
"4","J.J. Barea","DAL",38,751.9,161,385,0.418,"38","128","0.297",55,78,0.705,"72",50,"13","82",95,211,"22","1",415,"2019","PG",1620564
"5","Patrick Beverley","LAC",78,2137.2,194,477,0.407,"112","282","0.397",96,123,0.78,"85",265,"76","312",388,300,"67","43",596,"2019","PG",12345680
"6","Eric Bledsoe","MIL",78,2271.8,470,971,0.484,"124","377","0.329",177,236,0.75,"165",156,"82","280",362,430,"116","29",1241,"2019","PG",15625000
"7","Isaiah Briscoe","ORL",39,559.2,55,138,0.399,"11","34","0.324",15,26,0.577,"31",66,"5","69",74,87,"11","2",136,"2019","PG",838464
"8","Trey Burke","DAL",58,1124.5,236,548,0.431,"56","159","0.352",103,124,0.831,"49",58,"28","71",99,159,"33","7",631,"2019","PG",1620564
"9","Isaiah Canaan","MIL",30,627.9,64,164,0.39,"34","96","0.354",19,24,0.792,"35",52,"6","52",58,84,"14","2",181,"2019","PG",1512601
"10","Jevon Carter","MEM",39,576.6,56,185,0.303,"34","102","0.333",26,32,0.812,"33",55,"14","52",66,69,"26","11",172,"2019","PG",1416852
"11","Alex Caruso","LAL",25,531.1,77,173,0.445,"24","50","0.48",51,64,0.797,"42",54,"20","47",67,77,"24","9",229,"2019","PG",2750000
"12","Darren Collison","IND",76,2143.3,308,659,0.467,"79","194","0.407",158,190,0.832,"125",138,"36","196",232,459,"110","9",853,"2019","PG",1e+07
"13","Mike Conley","MEM",70,2341.6,490,1120,0.438,"155","426","0.364",343,406,0.845,"130",123,"40","199",239,449,"94","22",1478,"2019","PG",32511624
"14","Quinn Cook","GSW",74,1058.7,204,439,0.465,"81","200","0.405",20,26,0.769,"50",92,"22","135",157,116,"20","3",509,"2019","PG",3e+06
"15","Seth Curry","POR",74,1399.2,212,465,0.456,"113","251","0.45",44,52,0.846,"61",97,"27","93",120,66,"36","12",581,"2019","PG",7461380
"16","Stephen Curry","GSW",69,2331.3,632,1340,0.472,"354","810","0.437",263,287,0.916,"192",166,"45","324",369,361,"92","25",1881,"2019","PG",40231758
"17","Spencer Dinwiddie","BRK",68,1914,366,828,0.442,"124","370","0.335",287,356,0.806,"152",187,"26","140",166,311,"40","17",1143,"2019","PG",10605600
"18","Luka Doncic","DAL",72,2317.9,506,1186,0.427,"168","514","0.327",346,485,0.713,"247",137,"86","477",563,429,"77","25",1526,"2019","PG",7683360
"19","Goran Dragic","MIA",36,990.6,179,433,0.413,"57","164","0.348",79,101,0.782,"71",81,"20","91",111,174,"30","5",494,"2019","PG",19217900
"20","Kris Dunn","CHI",46,1389.4,215,506,0.425,"34","96","0.354",55,69,0.797,"104",166,"19","168",187,277,"68","21",519,"2019","PG",5348007
"21","Dante Exum","UTA",42,664,101,241,0.419,"18","62","0.29",68,86,0.791,"52",69,"16","52",68,110,"14","5",288,"2019","PG",9600000
"22","Yogi Ferrell","SAC",71,1066.6,153,352,0.435,"54","149","0.362",60,67,0.896,"40",64,"13","96",109,137,"36","4",420,"2019","PG",3150000
"23","Bryn Forbes","SAS",82,2292.5,361,792,0.456,"176","413","0.426",69,78,0.885,"80",159,"18","221",239,175,"45","4",967,"2019","PG",2875000
"24","De'Aaron Fox","SAC",81,2545.9,505,1102,0.458,"86","232","0.371",303,417,0.727,"227",204,"43","261",304,590,"133","45",1399,"2019","PG",6392760
"25","Tim Frazier","MIL",59,1119.6,116,261,0.444,"37","101","0.366",41,54,0.759,"76",112,"41","127",168,248,"30","5",310,"2019","PG",1620564
"26","Shai Gilgeous-Alexander","LAC",82,2173.9,341,716,0.476,"51","139","0.367",156,195,0.8,"141",175,"57","175",232,270,"96","45",889,"2019","PG",3952920
"27","Devonte' Graham","CHA",46,676,74,216,0.343,"34","121","0.281",35,46,0.761,"30",48,"10","53",63,121,"23","2",217,"2019","PG",1416852
"28","George Hill","MIL",60,1302.4,170,376,0.452,"48","153","0.314",70,85,0.824,"51",102,"39","109",148,135,"52","8",458,"2019","PG",9133907
"29","Aaron Holiday","IND",50,645.8,105,262,0.401,"43","127","0.339",41,50,0.82,"40",70,"5","62",67,87,"21","13",294,"2019","PG",2329200
"30","Kyrie Irving","BOS",67,2214,604,1241,0.487,"174","434","0.401",214,245,0.873,"172",167,"71","264",335,464,"103","34",1596,"2019","PG",31742000
"31","Reggie Jackson","DET",82,2288.9,441,1047,0.421,"174","471","0.369",204,236,0.864,"148",208,"45","171",216,344,"55","9",1260,"2019","PG",512721
"32","Tyler Johnson","PHX",57,1529,217,526,0.413,"90","260","0.346",95,127,0.748,"77",97,"34","139",173,166,"54","27",619,"2019","PG",183115
"33","Tyus Jones","MIN",68,1560.5,185,446,0.415,"40","126","0.317",58,69,0.841,"47",78,"23","111",134,327,"81","5",468,"2019","PG",9258000
"34","Cory Joseph","IND",82,2063.4,226,548,0.412,"55","171","0.322",30,43,0.698,"80",131,"39","240",279,321,"94","22",537,"2019","PG",1.2e+07
"35","Damian Lillard","POR",80,2837.9,681,1533,0.444,"237","643","0.369",468,513,0.912,"212",148,"68","303",371,551,"88","34",2067,"2019","PG",29802321
"36","Kyle Lowry","TOR",65,2213.4,304,739,0.411,"157","453","0.347",161,194,0.83,"182",166,"41","271",312,564,"91","31",926,"2019","PG",34996296
"37","T.J. McConnell","PHI",76,1470.2,220,419,0.525,"14","42","0.333",29,37,0.784,"91",105,"28","146",174,258,"79","17",483,"2019","PG",3500000
"38","De'Anthony Melton","PHX",50,983.9,100,256,0.391,"29","95","0.305",21,28,0.75,"75",113,"25","109",134,159,"68","23",250,"2019","PG",1416852
"39","Patty Mills","SAS",82,1907.7,282,663,0.425,"159","404","0.394",88,103,0.854,"93",129,"24","158",182,245,"49","10",811,"2019","PG",12428571
"40","Monte Morris","DEN",82,1970.2,346,702,0.493,"94","227","0.414",65,81,0.802,"52",102,"35","159",194,297,"73","4",851,"2019","PG",1588231
"41","Emmanuel Mudiay","NYK",59,1607.1,330,740,0.446,"69","210","0.329",144,186,0.774,"140",103,"33","163",196,228,"43","19",873,"2019","PG",1620564
"42","Jamal Murray","DEN",75,2447.4,513,1173,0.437,"152","414","0.367",189,223,0.848,"158",153,"65","252",317,363,"67","27",1367,"2019","PG",4444746
"43","Shabazz Napier","BRK",56,982.8,169,435,0.389,"76","228","0.333",115,138,0.833,"66",67,"18","82",100,143,"41","16",529,"2019","PG",1845301
"44","Frank Ntilikina","NYK",43,903.6,95,282,0.337,"33","115","0.287",23,30,0.767,"56",104,"12","75",87,121,"30","14",246,"2019","PG",4855800
"45","Elie Okobo","PHX",53,958.2,114,290,0.393,"39","132","0.295",37,47,0.787,"69",109,"12","86",98,127,"32","7",304,"2019","PG",1416852
"46","Chris Paul","HOU",58,1856.8,302,720,0.419,"127","355","0.358",175,203,0.862,"152",146,"36","229",265,473,"114","18",906,"2019","PG",38506482
"47","Cameron Payne","CLE",40,712.2,96,223,0.43,"25","84","0.298",33,41,0.805,"45",64,"13","59",72,106,"28","9",250,"2019","PG",1737145
"48","Elfrid Payton","NOP",42,1249.8,179,412,0.434,"33","105","0.314",55,74,0.743,"112",81,"49","171",220,320,"44","17",446,"2019","PG",8e+06
"49","Rajon Rondo","LAL",46,1368.6,175,432,0.405,"51","142","0.359",23,36,0.639,"127",100,"34","209",243,367,"57","7",424,"2019","PG",2564753
"50","Terry Rozier","BOS",79,1791.2,258,666,0.387,"119","337","0.353",73,93,0.785,"68",101,"32","275",307,231,"68","21",708,"2019","PG",19894737
"51","Ricky Rubio","UTA",68,1899,295,730,0.404,"79","254","0.311",195,228,0.855,"180",180,"33","210",243,416,"91","10",864,"2019","PG",16200000
"52","D'Angelo Russell","BRK",81,2448.1,659,1517,0.434,"234","635","0.369",160,205,0.78,"253",141,"53","262",315,563,"100","20",1712,"2019","PG",27285000
"53","Tomas Satoransky","WAS",80,2163.6,257,530,0.485,"64","162","0.395",131,160,0.819,"120",172,"82","197",279,399,"82","13",709,"2019","PG",1e+07
"54","Dennis Schroder","OKC",79,2313.8,457,1104,0.414,"124","364","0.341",186,227,0.819,"172",189,"38","246",284,323,"65","12",1224,"2019","PG",15500000
"55","Collin Sexton","CLE",82,2605.1,519,1205,0.431,"119","296","0.402",214,255,0.839,"185",186,"57","179",236,243,"44","6",1371,"2019","PG",4764960
"56","Ben Simmons","PHI",79,2700.3,540,960,0.562,"0","6","0",257,428,0.6,"274",209,"172","525",697,610,"112","61",1337,"2019","PG",8113930
"57","Ish Smith","DET",56,1251,205,489,0.419,"44","135","0.326",47,62,0.758,"61",109,"23","122",145,203,"28","11",501,"2019","PG",6e+06
"58","Jeff Teague","MIN",42,1264.1,176,416,0.423,"35","105","0.333",123,153,0.804,"97",90,"16","90",106,343,"43","18",510,"2019","PG",1.9e+07
"59","Fred VanVleet","TOR",64,1760.2,246,600,0.41,"112","296","0.378",97,115,0.843,"82",110,"21","146",167,307,"57","20",701,"2019","PG",9346153
"60","Dwyane Wade","MIA",72,1885.3,416,960,0.433,"86","261","0.33",165,233,0.708,"166",118,"69","216",285,301,"59","38",1083,"2019","PG",1512601
"61","Kemba Walker","CHA",82,2862.6,731,1684,0.434,"260","731","0.356",380,450,0.844,"211",131,"52","309",361,484,"102","34",2102,"2019","PG",32742000
"62","John Wall","WAS",32,1103.8,245,552,0.444,"51","169","0.302",122,175,0.697,"121",71,"15","101",116,279,"49","29",663,"2019","PG",38199000
"63","Tyrone Wallace","LAC",62,627.7,92,217,0.424,"4","19","0.211",30,57,0.526,"36",83,"20","81",101,42,"21","7",218,"2019","PG",1588231
"64","Russell Westbrook","OKC",73,2629.6,630,1473,0.428,"119","411","0.29",296,451,0.656,"325",245,"109","698",807,784,"142","33",1675,"2019","PG",38506482
"65","Justise Winslow","MIA",66,1959.5,324,749,0.433,"96","256","0.375",86,137,0.628,"142",177,"63","292",355,282,"72","19",830,"2019","PG",1.3e+07
"66","Trae Young","ATL",81,2503.3,525,1256,0.418,"156","482","0.324",343,414,0.829,"308",140,"64","237",301,653,"72","15",1549,"2019","PG",6273000
"67","Alex Abrines","OKC",31,588.2,56,157,0.357,"41","127","0.323",12,13,0.923,"14",53,"5","43",48,20,"17","6",165,"2019","SG",5455236
"68","Kent Bazemore","ATL",67,1643.4,278,691,0.402,"96","300","0.32",127,175,0.726,"121",170,"37","224",261,152,"89","42",779,"2019","SG",19269662
"69","Bradley Beal","WAS",82,3027.8,764,1609,0.475,"209","596","0.351",362,448,0.808,"224",226,"89","322",411,448,"121","58",2099,"2019","SG",27093019
"70","Malik Beasley","DEN",81,1878.6,349,737,0.474,"163","405","0.402",56,66,0.848,"55",116,"35","165",200,97,"55","10",917,"2019","SG",2731714
"71","Marco Belinelli","SAS",79,1815.4,285,690,0.413,"147","395","0.372",112,124,0.903,"72",121,"16","182",198,132,"35","8",829,"2019","SG",5846154
"72","Antonio Blakeney","CHI",57,829,166,396,0.419,"36","91","0.396",50,76,0.658,"35",41,"7","99",106,42,"12","9",418,"2019","SG",1588231
"73","Bogdan Bogdanovic","SAC",70,1947.1,361,863,0.418,"134","372","0.36",134,162,0.827,"117",142,"40","203",243,267,"72","15",990,"2019","SG",8529386
"74","Devin Booker","PHX",64,2242.1,586,1255,0.467,"135","414","0.326",393,454,0.866,"264",200,"39","226",265,433,"56","13",1700,"2019","SG",27285000
"75","Avery Bradley","MEM",63,1905.4,248,608,0.408,"86","245","0.351",43,50,0.86,"89",167,"43","132",175,152,"41","16",625,"2019","SG",4767000
"76","Malcolm Brogdon","MIL",64,1831.7,378,748,0.505,"104","244","0.426",141,152,0.928,"91",102,"65","223",288,205,"46","13",1001,"2019","SG",2e+07
"77","MarShon Brooks","MEM",29,386.7,76,169,0.45,"15","54","0.278",23,33,0.697,"21",33,"12","33",45,25,"9","4",190,"2019","SG",1656092
"78","Sterling Brown","MIL",58,1034.3,145,312,0.465,"53","147","0.361",29,42,0.69,"46",88,"29","155",184,84,"25","8",372,"2019","SG",1618520
"79","Jalen Brunson","DAL",73,1591.2,264,565,0.467,"63","181","0.348",87,120,0.725,"88",127,"25","144",169,230,"37","4",678,"2019","SG",1416852
"80","Reggie Bullock","LAL",63,1878.9,245,594,0.412,"148","393","0.377",73,85,0.859,"65",109,"22","151",173,129,"40","12",711,"2019","SG",4e+06
"81","Alec Burks","SAC",64,1374.9,192,474,0.405,"61","168","0.363",116,141,0.823,"65",91,"30","205",235,128,"39","21",561,"2019","SG",1620564
"82","Kentavious Caldwell-Pope","LAL",82,2035,325,756,0.43,"151","435","0.347",137,158,0.867,"65",137,"48","190",238,110,"73","13",938,"2019","SG",8089282
"83","Jordan Clarkson","CLE",81,2214.4,529,1180,0.448,"144","445","0.324",162,192,0.844,"135",112,"82","188",270,196,"57","13",1364,"2019","SG",13437500
"84","Allen Crabbe","BRK",43,1133,137,373,0.367,"98","259","0.378",41,56,0.732,"46",102,"16","132",148,46,"23","13",413,"2019","SG",18500000
"85","Troy Daniels","PHX",51,759.7,113,275,0.411,"74","194","0.381",18,23,0.783,"27",79,"13","60",73,26,"26","5",318,"2019","SG",384541
"86","Hamidou Diallo","OKC",51,526.2,75,165,0.455,"4","24","0.167",36,59,0.61,"23",77,"38","59",97,17,"21","10",190,"2019","SG",1416852
"87","Wayne Ellington","DET",53,1296.9,184,457,0.403,"138","372","0.371",39,49,0.796,"40",92,"14","93",107,72,"54","6",545,"2019","SG",8e+06
"88","Tyreke Evans","IND",69,1402,257,660,0.389,"77","216","0.356",115,160,0.719,"118",118,"33","168",201,166,"58","18",706,"2019","SG",12400000
"89","Terrance Ferguson","OKC",74,1931,185,431,0.429,"106","290","0.366",37,51,0.725,"47",231,"33","108",141,72,"40","16",513,"2019","SG",2475840
"90","Evan Fournier","ORL",81,2553.3,468,1069,0.438,"153","450","0.34",137,170,0.806,"154",225,"38","220",258,295,"71","12",1226,"2019","SG",17150000
"91","Markelle Fultz","PHI",19,426.9,65,155,0.419,"4","14","0.286",21,37,0.568,"25",52,"26","44",70,59,"17","5",155,"2019","SG",9745200
"92","Langston Galloway","DET",80,1745.1,228,587,0.388,"135","380","0.355",81,96,0.844,"24",135,"49","122",171,85,"37","8",672,"2019","SG",7333333
"93","Eric Gordon","HOU",68,2158,384,938,0.409,"216","600","0.36",119,152,0.783,"90",143,"17","131",148,129,"41","27",1103,"2019","SG",14057730
"94","Danny Green","TOR",80,2215.5,293,630,0.465,"198","435","0.455",37,44,0.841,"75",171,"60","257",317,126,"73","53",821,"2019","SG",14634146
"95","Tim Hardaway Jr.","DAL",65,2056.6,390,993,0.393,"162","477","0.34",232,276,0.841,"105",141,"33","189",222,159,"54","8",1174,"2019","SG",20025127
"96","James Harden","HOU",78,2866.7,843,1909,0.442,"378","1028","0.368",754,858,0.879,"387",244,"66","452",518,586,"158","58",2818,"2019","SG",38199000
"97","Gary Harris","DEN",57,1639.2,270,637,0.424,"82","242","0.339",115,144,0.799,"68",113,"41","119",160,127,"55","19",737,"2019","SG",17839286
"98","Joe Harris","BRK",76,2293.5,374,748,0.5,"183","386","0.474",110,133,0.827,"121",182,"52","239",291,181,"38","17",1041,"2019","SG",7666667
"99","Shaquille Harrison","CHI",73,1429.9,184,426,0.432,"24","89","0.27",82,123,0.667,"60",124,"33","189",222,139,"89","30",474,"2019","SG",1620564
"100","Josh Hart","LAL",67,1714.8,189,464,0.407,"92","274","0.336",55,80,0.688,"58",147,"35","213",248,93,"64","40",525,"2019","SG",1655160
"101","Gordon Hayward","BOS",72,1863.3,296,635,0.466,"77","231","0.333",156,187,0.834,"105",104,"51","271",322,244,"62","23",825,"2019","SG",32700690
"102","Buddy Hield","SAC",82,2614.8,623,1360,0.458,"278","651","0.427",171,193,0.886,"146",202,"106","306",412,205,"58","33",1695,"2019","SG",4861208
"103","Jrue Holiday","NOP",67,2402,547,1159,0.472,"118","363","0.325",208,271,0.768,"210",148,"75","259",334,518,"109","54",1420,"2019","SG",26231111
"104","Kevin Huerter","ATL",75,2048.5,275,657,0.419,"136","353","0.385",41,56,0.732,"109",155,"60","185",245,214,"65","25",727,"2019","SG",2636280
"105","Brandon Ingram","LAL",52,1760.5,362,729,0.497,"31","94","0.33",195,289,0.675,"129",149,"41","226",267,154,"28","31",950,"2019","SG",7265485
"106","Frank Jackson","NOP",61,1168.8,194,447,0.434,"53","169","0.314",54,73,0.74,"48",92,"25","109",134,69,"25","2",495,"2019","SG",1618520
"107","Brandon Knight","CLE",39,736.5,99,260,0.381,"41","129","0.318",27,34,0.794,"30",62,"10","49",59,71,"21","2",266,"2019","SG",15643750
"108","Kyle Korver","UTA",70,1333.9,201,483,0.416,"138","348","0.397",60,73,0.822,"59",106,"9","153",162,81,"25","12",600,"2019","SG",1620564
"109","Jeremy Lamb","CHA",79,2250.1,431,979,0.44,"115","330","0.348",231,260,0.888,"80",140,"65","369",434,172,"88","32",1208,"2019","SG",10500000
"110","Zach LaVine","CHI",63,2170.9,530,1135,0.467,"120","321","0.374",312,375,0.832,"215",140,"40","254",294,283,"60","26",1492,"2019","SG",19500000
"111","Wesley Matthews","IND",69,2091,279,698,0.4,"150","403","0.372",132,163,0.81,"91",160,"32","138",170,160,"54","17",840,"2019","SG",2564753
"112","Donovan Mitchell","UTA",77,2598.3,661,1530,0.432,"188","519","0.362",319,396,0.806,"218",208,"59","257",316,322,"106","31",1829,"2019","SG",3635760
"113","Malik Monk","CHA",73,1258,227,586,0.387,"109","330","0.33",90,102,0.882,"86",106,"16","121",137,117,"37","19",653,"2019","SG",4028400
"114","E'Twaun Moore","NOP",53,1463,256,532,0.481,"76","176","0.432",45,59,0.763,"59",112,"35","92",127,102,"40","8",633,"2019","SG",8664928
"115","Josh Okogie","MIN",74,1757.1,196,508,0.386,"60","215","0.279",118,162,0.728,"63",166,"41","177",218,91,"88","33",570,"2019","SG",2530680
"116","Victor Oladipo","IND",36,1146.7,249,588,0.423,"74","216","0.343",103,141,0.73,"82",72,"21","181",202,186,"60","11",675,"2019","SG",2.1e+07
"117","Norman Powell","TOR",60,1126.4,193,400,0.482,"68","170","0.4",62,75,0.827,"65",96,"16","123",139,91,"39","13",516,"2019","SG",10116576
"118","Josh Richardson","MIA",73,2539.4,423,1026,0.412,"164","460","0.357",199,231,0.861,"113",200,"54","209",263,298,"79","34",1209,"2019","SG",10116576
"119","Austin Rivers","HOU",76,2027.7,232,572,0.406,"104","327","0.318",50,95,0.526,"68",207,"25","137",162,167,"47","23",618,"2019","SG",2147317
"120","Derrick Rose","MIN",51,1392.2,363,753,0.482,"54","146","0.37",137,160,0.856,"82",57,"33","107",140,220,"31","12",917,"2019","SG",7317073
"121","Landry Shamet","LAC",79,1801.9,240,557,0.431,"167","396","0.422",75,93,0.806,"45",155,"21","113",134,117,"37","10",722,"2019","SG",1995120
"122","Jonathon Simmons","PHI",56,1064.2,133,350,0.38,"28","104","0.269",72,97,0.742,"68",89,"27","99",126,128,"29","15",366,"2019","SG",5700000
"123","Marcus Smart","BOS",80,2199.8,239,567,0.422,"126","346","0.364",104,129,0.806,"123",201,"57","177",234,321,"143","28",708,"2019","SG",12553571
"124","Tony Snell","MIL",74,1303.7,163,361,0.452,"81","204","0.397",37,42,0.881,"23",90,"29","128",157,68,"26","18",444,"2019","SG",11392857
"125","Garrett Temple","LAC",75,2040.5,208,493,0.422,"90","264","0.341",80,107,0.748,"70",204,"28","188",216,106,"76","30",586,"2019","SG",4767000
"126","Klay Thompson","GSW",78,2652.3,655,1402,0.467,"241","599","0.402",129,158,0.816,"115",157,"37","262",299,186,"84","47",1680,"2019","SG",32742000
"127","Allonzo Trier","NYK",64,1458.5,232,518,0.448,"52","132","0.394",179,223,0.803,"116",117,"31","166",197,119,"28","14",695,"2019","SG",3551000
"128","Dion Waiters","MIA",44,1137.9,198,478,0.414,"109","289","0.377",22,44,0.5,"64",72,"7","109",116,121,"29","9",527,"2019","SG",375385
"129","Derrick White","SAS",67,1728,260,543,0.479,"48","142","0.338",95,123,0.772,"97",145,"35","212",247,263,"67","47",663,"2019","SG",1948080
"130","Lou Williams","LAC",75,1992.8,484,1138,0.425,"105","291","0.361",425,485,0.876,"181",80,"40","182",222,402,"57","11",1498,"2019","SG",8e+06
"131","Delon Wright","MEM",75,1698.3,242,558,0.434,"50","168","0.298",119,150,0.793,"77",103,"68","198",266,248,"88","30",653,"2019","SG",9473684
"132","Kyle Anderson","MEM",43,1281.5,150,276,0.543,"9","34","0.265",37,64,0.578,"58",112,"48","203",251,128,"54","37",346,"2019","SF",9073050
"133","Carmelo Anthony","HOU",10,294.1,49,121,0.405,"21","64","0.328",15,22,0.682,"8",32,"9","45",54,5,"4","7",134,"2019","SF",1364204
"134","Trevor Ariza","WAS",69,2348.9,294,736,0.399,"145","434","0.334",130,164,0.793,"106",130,"50","321",371,252,"91","21",863,"2019","SF",12195122
"135","Dwayne Bacon","CHA",43,758.6,122,257,0.475,"38","87","0.437",34,46,0.739,"18",72,"8","81",89,47,"12","5",316,"2019","SF",1618520
"136","Harrison Barnes","SAC",77,2532.7,431,1027,0.42,"174","441","0.395",229,278,0.824,"98",122,"57","305",362,115,"50","13",1265,"2019","SF",24147727
"137","Will Barton","DEN",43,1189,185,460,0.402,"67","196","0.342",57,74,0.77,"65",82,"32","167",199,124,"18","22",494,"2019","SF",12776786
"138","Keita Bates-Diop","MIN",30,503.4,60,142,0.423,"13","52","0.25",18,28,0.643,"14",29,"16","67",83,17,"18","14",151,"2019","SF",1416852
"139","Nicolas Batum","CHA",75,2354,253,562,0.45,"116","298","0.389",77,89,0.865,"117",140,"71","319",390,247,"71","43",699,"2019","SF",25565217
"140","DeAndre' Bembry","ATL",82,1931.3,275,616,0.446,"50","173","0.289",87,136,0.64,"142",190,"54","304",358,202,"105","41",687,"2019","SF",2603982
"141","Bojan Bogdanovic","IND",81,2573,522,1051,0.497,"164","386","0.425",246,305,0.807,"134",138,"33","300",333,161,"69","1",1454,"2019","SF",1.7e+07
"142","Mikal Bridges","PHX",82,2416.9,242,563,0.43,"105","313","0.335",95,118,0.805,"70",201,"56","208",264,173,"129","38",684,"2019","SF",4161000
"143","Miles Bridges","CHA",80,1696.4,237,511,0.464,"65","200","0.325",58,77,0.753,"50",111,"67","256",323,95,"55","49",597,"2019","SF",3755400
"144","Dillon Brooks","MEM",18,329.9,49,122,0.402,"15","40","0.375",22,30,0.733,"19",50,"9","22",31,16,"10","4",135,"2019","SF",1618520
"145","Jaylen Brown","BOS",74,1913.4,368,792,0.465,"95","276","0.344",133,202,0.658,"99",186,"65","248",313,100,"69","32",964,"2019","SF",6534829
"146","Jimmy Butler","PHI",65,2185,418,904,0.462,"67","193","0.347",312,365,0.855,"95",111,"121","221",342,263,"123","39",1215,"2019","SF",32742000
"147","Vince Carter","ATL",76,1330.3,196,468,0.419,"123","316","0.389",47,66,0.712,"48",141,"31","163",194,87,"44","27",562,"2019","SF",1620564
"148","Pat Connaughton","MIL",61,1261.1,163,350,0.466,"66","200","0.33",29,40,0.725,"33",81,"61","197",258,122,"33","25",421,"2019","SF",1723050
"149","Robert Covington","MIN",35,1202.6,156,362,0.431,"85","225","0.378",68,89,0.764,"47",126,"28","165",193,46,"74","47",465,"2019","SF",11301219
"150","Torrey Craig","DEN",75,1503,160,362,0.442,"61","188","0.324",49,70,0.7,"44",175,"89","174",263,72,"37","46",430,"2019","SF",2e+06
"151","DeMar DeRozan","SAS",77,2688.2,631,1313,0.481,"7","45","0.156",366,441,0.83,"199",177,"54","408",462,475,"86","36",1635,"2019","SF",27739975
"152","Damyean Dotson","NYK",73,2003.7,290,698,0.415,"126","342","0.368",73,98,0.745,"71",135,"34","228",262,135,"58","10",779,"2019","SF",1618520
"153","Kevin Durant","GSW",78,2701.6,721,1383,0.521,"137","388","0.353",448,506,0.885,"225",155,"33","464",497,457,"58","84",2027,"2019","SF",38199000
"154","Dorian Finney-Smith","DAL",81,1985.2,228,528,0.432,"79","254","0.311",73,103,0.709,"74",186,"138","251",389,95,"69","36",608,"2019","SF",4e+06
"155","Paul George","OKC",77,2841.4,707,1614,0.438,"292","757","0.386",453,540,0.839,"205",214,"105","523",628,318,"170","34",2159,"2019","SF",30560700
"156","Aaron Gordon","ORL",78,2632.6,470,1046,0.449,"121","347","0.349",185,253,0.731,"162",172,"129","445",574,289,"57","56",1246,"2019","SF",19863636
"157","Treveon Graham","BRK",35,715.3,64,191,0.335,"38","128","0.297",18,22,0.818,"17",68,"23","84",107,34,"13","7",184,"2019","SF",1645357
"158","Gerald Green","HOU",73,1473,231,578,0.4,"156","441","0.354",57,68,0.838,"55",126,"30","152",182,40,"33","27",675,"2019","SF",1620564
"159","Maurice Harkless","POR",60,1415.2,189,388,0.487,"33","120","0.275",49,73,0.671,"45",163,"77","192",269,74,"67","53",460,"2019","SF",11011234
"160","Tobias Harris","PHI",82,2847.9,611,1254,0.487,"156","393","0.397",266,307,0.866,"151",184,"69","576",645,229,"51","37",1644,"2019","SF",32742000
"161","Mario Hezonja","NYK",58,1206.2,191,464,0.412,"42","152","0.276",87,114,0.763,"88",110,"28","211",239,88,"57","8",511,"2019","SF",1737145
"162","Solomon Hill","NOP",44,878.5,68,178,0.382,"32","101","0.317",23,32,0.719,"31",80,"34","99",133,55,"23","10",191,"2019","SF",12758781
"163","Justin Holiday","MEM",82,2606.5,300,777,0.386,"162","465","0.348",95,106,0.896,"104",164,"46","277",323,146,"121","36",857,"2019","SF",4767000
"164","Rodney Hood","POR",72,1892.5,292,671,0.435,"84","236","0.356",137,155,0.884,"55",146,"25","132",157,126,"59","12",805,"2019","SF",5718000
"165","Chandler Hutchison","CHI",44,894.5,96,209,0.459,"14","50","0.28",23,38,0.605,"25",59,"31","154",185,34,"23","6",229,"2019","SF",2332320
"166","Andre Iguodala","GSW",68,1577.9,151,302,0.5,"48","144","0.333",39,67,0.582,"52",95,"48","204",252,216,"61","51",389,"2019","SF",17185185
"167","Joe Ingles","UTA",82,2567.6,359,802,0.448,"189","483","0.391",87,123,0.707,"193",180,"35","295",330,469,"98","20",994,"2019","SF",11954546
"168","Justin Jackson","DAL",81,1613.2,217,485,0.447,"87","245","0.355",62,79,0.785,"29",99,"44","168",212,96,"32","14",583,"2019","SF",3280920
"169","LeBron James","LAL",55,1937.4,558,1095,0.51,"111","327","0.339",278,418,0.665,"197",94,"57","408",465,454,"72","33",1505,"2019","SF",37436858
"170","Stanley Johnson","NOP",66,1207.3,171,440,0.389,"62","215","0.288",50,64,0.781,"81",114,"34","183",217,88,"60","14",454,"2019","SF",3623000
"171","Wesley Johnson","WAS",38,533.9,45,128,0.352,"25","76","0.329",13,19,0.684,"18",63,"12","60",72,23,"14","12",128,"2019","SF",6134520
"172","Luke Kennard","DET",63,1436.7,228,520,0.438,"106","269","0.394",51,61,0.836,"57",92,"12","171",183,114,"26","10",613,"2019","SF",3827160
"173","Furkan Korkmaz","PHI",48,679.2,98,245,0.4,"47","144","0.326",36,44,0.818,"25",62,"16","91",107,52,"29","2",279,"2019","SF",1620564
"174","Jake Layman","POR",71,1326.8,216,424,0.509,"59","181","0.326",50,71,0.704,"46",116,"56","161",217,53,"31","30",541,"2019","SF",3581986
"175","Kawhi Leonard","TOR",60,2040.2,560,1129,0.496,"112","302","0.371",364,426,0.854,"121",87,"78","361",439,199,"106","24",1596,"2019","SF",32742000
"176","Caris LeVert","BRK",40,1062.9,207,483,0.429,"48","154","0.312",85,123,0.691,"69",77,"35","116",151,156,"42","14",547,"2019","SF",2625718
"177","Timothe Luwawu-Cabarrot","CHI",50,669.2,82,218,0.376,"36","116","0.31",31,41,0.756,"21",73,"11","86",97,26,"19","8",231,"2019","SF",654469
"178","Doug McDermott","IND",77,1339.5,207,422,0.491,"84","206","0.408",66,79,0.835,"42",104,"17","92",109,67,"18","8",564,"2019","SF",7333333
"179","Rodney McGruder","MIA",66,1549.7,186,461,0.403,"79","225","0.351",52,72,0.722,"64",115,"60","178",238,112,"36","12",503,"2019","SF",4807693
"180","Khris Middleton","MIL",77,2393.5,506,1148,0.441,"179","474","0.378",216,258,0.837,"174",172,"50","411",461,331,"80","7",1407,"2019","SF",30603448
"181","C.J. Miles","MEM",53,856.5,112,311,0.36,"67","203","0.33",48,58,0.828,"30",79,"13","82",95,36,"26","15",339,"2019","SF",8333333
"182","Darius Miller","NOP",69,1757.5,189,484,0.39,"133","364","0.365",56,71,0.789,"59",165,"14","114",128,146,"40","23",567,"2019","SF",7e+06
"183","Abdel Nader","OKC",61,693.5,91,215,0.423,"32","100","0.32",27,36,0.75,"26",68,"14","102",116,20,"20","12",241,"2019","SF",1618520
"184","David Nwaba","CLE",51,984.2,126,262,0.481,"24","75","0.32",58,85,0.682,"29",106,"41","122",163,54,"36","17",334,"2019","SF",903111
"185","Royce O'Neale","UTA",82,1671,163,343,0.475,"68","176","0.386",32,42,0.762,"70",172,"22","263",285,124,"54","24",426,"2019","SF",1618520
"186","Cedi Osman","CLE",76,2443.9,360,844,0.427,"130","374","0.348",141,181,0.779,"114",195,"45","312",357,195,"60","11",991,"2019","SF",2907143
"187","Taurean Prince","ATL",55,1552.3,262,594,0.441,"123","315","0.39",95,116,0.819,"100",141,"22","177",199,118,"53","19",742,"2019","SF",3481986
"188","Terrence Ross","ORL",81,2150.1,440,1027,0.428,"217","566","0.383",126,144,0.875,"90",119,"27","253",280,135,"72","29",1223,"2019","SF",12500000
"189","Thabo Sefolosha","UTA",50,608.6,71,149,0.477,"34","78","0.436",14,22,0.636,"25",41,"8","115",123,27,"43","5",190,"2019","SF",1620564
"190","Iman Shumpert","HOU",62,1480.8,167,446,0.374,"95","273","0.348",36,45,0.8,"50",127,"27","156",183,112,"59","24",465,"2019","SF",1419138
"191","Jayson Tatum","BOS",79,2454.6,466,1036,0.45,"116","311","0.373",195,228,0.855,"122",168,"70","407",477,168,"84","57",1243,"2019","SF",7830000
"192","Evan Turner","POR",73,1605.7,204,443,0.46,"11","52","0.212",75,106,0.708,"114",110,"37","291",328,283,"33","18",494,"2019","SF",18606556
"193","Andrew Wiggins","MIN",73,2542.8,498,1209,0.412,"118","348","0.339",207,296,0.699,"138",153,"83","269",352,184,"70","48",1321,"2019","SF",27504630
"194","Kenrich Williams","NOP",46,1079.2,107,279,0.384,"52","156","0.333",13,19,0.684,"36",95,"55","164",219,83,"45","19",279,"2019","SF",1416852
"195","Al-Farouq Aminu","POR",81,2291.8,257,593,0.433,"96","280","0.343",150,173,0.867,"72",143,"112","498",610,104,"68","33",760,"2019","PF",9258000
"196","Giannis Antetokounmpo","MIL",72,2358.4,721,1247,0.578,"52","203","0.256",500,686,0.729,"268",232,"159","739",898,424,"92","110",1994,"2019","PF",25842697
"197","Marvin Bagley III","SAC",62,1567.5,356,706,0.504,"30","96","0.312",181,262,0.691,"98",120,"162","309",471,62,"33","59",923,"2019","PF",8556120
"198","Dragan Bender","PHX",46,826.3,88,197,0.447,"22","101","0.218",32,54,0.593,"37",90,"34","149",183,56,"18","22",230,"2019","PF",1678854
"199","Davis Bertans","SAS",76,1631.8,204,453,0.45,"145","338","0.429",53,60,0.883,"43",133,"23","241",264,100,"35","33",606,"2019","PF",7e+06
"200","Nemanja Bjelica","SAC",77,1787.9,284,593,0.479,"103","257","0.401",70,92,0.761,"82",197,"125","319",444,147,"54","56",741,"2019","PF",6825000
"201","Jonah Bolden","PHI",44,638.6,80,162,0.494,"34","96","0.354",13,27,0.481,"36",99,"47","118",165,40,"17","39",207,"2019","PF",1698450
"202","Bruno Caboclo","MEM",34,799.7,96,225,0.427,"48","130","0.369",42,50,0.84,"38",81,"42","116",158,50,"14","33",282,"2019","PF",1845301
"203","DeMarre Carroll","BRK",67,1703.4,227,575,0.395,"106","310","0.342",184,242,0.76,"73",114,"68","281",349,85,"31","10",744,"2019","PF",512721
"204","Omri Casspi","MEM",36,520.5,86,161,0.534,"15","43","0.349",39,58,0.672,"23",35,"17","98",115,26,"20","9",226,"2019","PF",1512601
"205","Wilson Chandler","LAC",51,1176.3,114,273,0.418,"59","158","0.373",18,25,0.72,"46",123,"48","167",215,82,"25","21",305,"2019","PF",1620564
"206","Gary Clark","HOU",51,640.6,50,151,0.331,"41","138","0.297",7,7,1,"7",47,"24","92",116,18,"20","26",148,"2019","PF",555409
"207","John Collins","ATL",61,1828.6,465,831,0.56,"55","158","0.348",203,266,0.763,"120",199,"219","376",595,121,"22","39",1188,"2019","PF",2686560
"208","Zach Collins","POR",77,1355.8,189,400,0.472,"40","121","0.331",94,126,0.746,"77",174,"109","215",324,71,"25","66",512,"2019","PF",4240200
"209","Jae Crowder","UTA",80,2165.8,318,797,0.399,"173","522","0.331",142,197,0.721,"85",170,"60","324",384,133,"64","31",951,"2019","PF",7815533
"210","Cheick Diallo","NOP",64,895.6,168,271,0.62,"1","4","0.25",50,67,0.746,"49",113,"75","257",332,33,"29","33",387,"2019","PF",1678854
"211","Jared Dudley","BRK",59,1219.5,101,239,0.423,"53","151","0.351",32,46,0.696,"43",131,"34","121",155,83,"36","16",287,"2019","PF",1620564
"212","Derrick Favors","UTA",76,1766.4,363,619,0.586,"17","78","0.218",154,228,0.675,"84",163,"207","353",560,89,"56","106",897,"2019","PF",17650000
"213","Danilo Gallinari","LAC",68,2059.3,409,884,0.463,"161","372","0.433",367,406,0.904,"99",129,"54","363",417,178,"49","23",1346,"2019","PF",22615559
"214","Rudy Gay","SAS",69,1842.3,376,746,0.504,"74","184","0.402",120,147,0.816,"114",159,"63","407",470,182,"54","34",946,"2019","PF",14500000
"215","Taj Gibson","MIN",70,1686.5,304,537,0.566,"11","34","0.324",134,177,0.757,"73",186,"172","286",458,84,"53","39",753,"2019","PF",9e+06
"216","Jerami Grant","OKC",80,2612.4,409,823,0.497,"115","293","0.392",157,221,0.71,"67",214,"96","321",417,79,"61","100",1090,"2019","PF",9346153
"217","Draymond Green","GSW",66,2064.7,188,422,0.445,"47","165","0.285",63,91,0.692,"169",197,"60","421",481,454,"95","70",486,"2019","PF",18539130
"218","JaMychal Green","LAC",65,1370.6,230,476,0.483,"71","176","0.403",80,101,0.792,"87",193,"104","305",409,50,"45","34",611,"2019","PF",4767000
"219","Jeff Green","WAS",77,2096.7,326,687,0.475,"111","320","0.347",183,206,0.888,"101",160,"57","252",309,137,"43","39",946,"2019","PF",439475
"220","Blake Griffin","DET",75,2622.4,619,1341,0.462,"189","522","0.362",414,550,0.753,"253",199,"100","465",565,402,"52","28",1841,"2019","PF",34449964
"221","Rondae Hollis-Jefferson","BRK",59,1234.1,200,487,0.411,"9","49","0.184",118,183,0.645,"68",107,"83","227",310,96,"44","27",527,"2019","PF",2500000
"222","Ersan Ilyasova","MIL",67,1231.3,167,381,0.438,"58","160","0.362",61,74,0.824,"48",172,"94","208",302,52,"32","20",453,"2019","PF",7e+06
"223","Jonathan Isaac","ORL",75,1996.2,262,611,0.429,"86","266","0.323",110,135,0.815,"75",143,"99","312",411,80,"59","98",720,"2019","PF",5806440
"224","Josh Jackson","PHX",79,1988.2,347,841,0.413,"73","225","0.324",143,213,0.671,"173",209,"66","281",347,183,"74","56",910,"2019","PF",7059480
"225","James Johnson","MIA",55,1163.8,164,379,0.433,"50","149","0.336",50,70,0.714,"74",114,"22","154",176,135,"35","27",428,"2019","PF",15349400
"226","Michael Kidd-Gilchrist","CHA",64,1179.1,158,332,0.476,"16","47","0.34",95,123,0.772,"43",156,"88","158",246,61,"32","39",427,"2019","PF",595122
"227","Maxi Kleber","DAL",71,1502,175,386,0.453,"77","218","0.353",58,74,0.784,"54",143,"90","239",329,70,"36","78",485,"2019","PF",8e+06
"228","Rodions Kurucs","BRK",63,1293.7,202,449,0.45,"58","184","0.315",72,92,0.783,"77",146,"56","190",246,52,"41","25",534,"2019","PF",1699236
"229","Kyle Kuzma","LAL",70,2313.6,496,1087,0.456,"128","422","0.303",188,250,0.752,"133",170,"60","322",382,178,"41","26",1308,"2019","PF",1974600
"230","T.J. Leaf","IND",58,521.5,99,183,0.541,"8","31","0.258",19,31,0.613,"12",35,"43","82",125,24,"9","19",225,"2019","PF",2813280
"231","Kevin Love","CLE",22,598,109,283,0.385,"53","147","0.361",103,114,0.904,"42",54,"33","206",239,48,"6","5",374,"2019","PF",28942830
"232","Trey Lyles","DEN",64,1119.6,207,495,0.418,"51","200","0.255",81,116,0.698,"68",93,"44","202",246,87,"30","23",546,"2019","PF",5500000
"233","Lauri Markkanen","CHI",52,1682.2,342,795,0.43,"120","332","0.361",170,195,0.872,"85",122,"74","396",470,75,"37","33",974,"2019","PF",5300400
"234","Luc Mbah a Moute","LAC",4,61,8,18,0.444,"2","6","0.333",2,5,0.4,"2",8,"2","5",7,2,"1","1",20,"2019","PF",4320500
"235","Alfonzo McKinnie","GSW",72,1003.5,134,275,0.487,"42","118","0.356",27,48,0.562,"30",134,"81","166",247,31,"18","15",337,"2019","PF",1500000
"236","Paul Millsap","DEN",70,1894.6,322,665,0.484,"58","159","0.365",181,249,0.727,"95",183,"153","352",505,141,"83","54",883,"2019","PF",30350000
"237","Nikola Mirotic","MIL",46,1245.2,238,542,0.439,"116","318","0.365",105,124,0.847,"48",107,"60","279",339,55,"31","34",697,"2019","PF",12500000
"238","Markieff Morris","OKC",58,1270.6,204,484,0.421,"68","203","0.335",71,92,0.772,"54",175,"61","204",265,79,"36","22",547,"2019","PF",1750000
"239","Georges Niang","UTA",59,516.3,86,181,0.475,"43","105","0.41",20,24,0.833,"23",57,"11","76",87,35,"10","6",235,"2019","PF",1645357
"240","Dirk Nowitzki","DAL",51,795.2,135,376,0.359,"64","205","0.312",39,50,0.78,"18",76,"5","153",158,35,"9","18",373,"2019","PF",5e+06
"241","Semi Ojeleye","BOS",56,594.4,67,158,0.424,"28","89","0.315",24,39,0.615,"19",43,"24","62",86,23,"10","4",186,"2019","PF",1618520
"242","Kelly Olynyk","MIA",79,1812.2,261,564,0.463,"113","319","0.354",152,185,0.822,"114",183,"72","303",375,140,"53","37",787,"2019","PF",12667885
"243","Jabari Parker","WAS",64,1724.3,369,749,0.493,"61","195","0.313",131,184,0.712,"151",145,"79","342",421,152,"46","30",930,"2019","PF",6500000
"244","Patrick Patterson","OKC",63,860.6,82,219,0.374,"46","137","0.336",19,30,0.633,"22",46,"42","105",147,31,"16","13",229,"2019","PF",1620564
"245","Julius Randle","NOP",73,2231.7,571,1089,0.524,"67","195","0.344",356,487,0.731,"208",246,"162","472",634,229,"52","45",1565,"2019","PF",1.8e+07
"246","Dario Saric","MIN",81,2022.4,304,696,0.437,"118","323","0.365",132,150,0.88,"97",182,"126","332",458,127,"45","9",858,"2019","PF",3481986
"247","Mike Scott","PHI",79,1395.7,168,420,0.4,"101","252","0.401",22,33,0.667,"44",156,"43","233",276,66,"26","13",459,"2019","PF",4767000
"248","Pascal Siakam","TOR",80,2547.7,519,945,0.549,"79","214","0.369",237,302,0.785,"154",241,"124","425",549,248,"73","52",1354,"2019","PF",2351839
"249","Omari Spellman","ATL",46,804.6,98,244,0.402,"44","128","0.344",32,45,0.711,"31",67,"72","122",194,47,"26","25",272,"2019","PF",1897800
"250","Lance Thomas","NYK",46,783.3,78,197,0.396,"22","79","0.278",27,36,0.75,"24",83,"21","96",117,27,"17","7",205,"2019","PF",7119650
"251","Anthony Tolliver","MIN",65,1079.2,99,259,0.382,"81","215","0.377",47,60,0.783,"36",91,"15","162",177,46,"17","21",326,"2019","PF",183115
"252","P.J. Tucker","HOU",82,2802.1,207,523,0.396,"146","387","0.377",41,59,0.695,"63",252,"121","358",479,96,"132","39",601,"2019","PF",8349039
"253","Noah Vonleh","NYK",68,1721.7,207,440,0.47,"46","137","0.336",111,156,0.712,"88",174,"113","415",528,129,"46","51",571,"2019","PF",2e+06
"254","T.J. Warren","PHX",43,1360,297,611,0.486,"77","180","0.428",101,124,0.815,"52",119,"31","143",174,64,"51","29",772,"2019","PF",10810000
"255","Marvin Williams","CHA",75,2133.1,275,652,0.422,"140","382","0.366",66,86,0.767,"47",156,"76","331",407,92,"71","61",756,"2019","PF",604278
"256","Thaddeus Young","IND",81,2488.9,443,841,0.527,"51","146","0.349",87,135,0.644,"123",194,"192","331",523,204,"123","36",1024,"2019","PF",12900000
"257","Steven Adams","OKC",80,2669.4,481,809,0.595,"0","2","0",146,292,0.5,"135",204,"391","369",760,124,"117","76",1108,"2019","C",25842697
"258","Bam Adebayo","MIA",82,1912.6,280,486,0.576,"3","15","0.2",166,226,0.735,"121",203,"165","432",597,184,"71","65",729,"2019","C",3454080
"259","LaMarcus Aldridge","SAS",81,2686.8,684,1319,0.519,"10","42","0.238",349,412,0.847,"144",179,"251","493",744,194,"43","107",1727,"2019","C",2.6e+07
"260","Jarrett Allen","BRK",80,2096.1,335,568,0.59,"6","45","0.133",197,278,0.709,"103",184,"191","481",672,110,"43","120",873,"2019","C",2376840
"261","Deandre Ayton","PHX",71,2182.7,509,870,0.585,"0","4","0",141,189,0.746,"126",209,"223","506",729,125,"61","67",1159,"2019","C",9562920
"262","Aron Baynes","BOS",51,820.9,105,223,0.471,"21","61","0.344",53,62,0.855,"40",125,"88","152",240,57,"12","34",284,"2019","C",5453280
"263","Jordan Bell","GSW",68,788.2,99,192,0.516,"0","2","0",25,41,0.61,"42",80,"55","129",184,76,"20","51",223,"2019","C",1620564
"264","Khem Birch","ORL",50,642.8,91,151,0.603,"0","1","0",58,83,0.699,"20",72,"79","111",190,38,"18","29",240,"2019","C",3e+06
"265","Bismack Biyombo","CHA",54,782.5,89,156,0.571,"0","0","0",58,91,0.637,"34",103,"81","166",247,33,"11","41",236,"2019","C",1.7e+07
"266","Thomas Bryant","WAS",72,1496.3,309,502,0.616,"33","99","0.333",107,137,0.781,"60",126,"113","341",454,92,"25","67",758,"2019","C",8e+06
"267","Clint Capela","HOU",67,2248.8,474,732,0.648,"0","0","0",166,261,0.636,"94",168,"298","550",848,96,"44","102",1114,"2019","C",14896552
"268","Willie Cauley-Stein","SAC",81,2212.7,412,741,0.556,"1","2","0.5",140,254,0.551,"84",227,"181","497",678,194,"96","51",965,"2019","C",2177483
"269","Tyson Chandler","LAL",55,874.9,61,99,0.616,"0","1","0",51,87,0.586,"42",110,"92","215",307,37,"21","23",173,"2019","C",1620564
"270","DeMarcus Cousins","GSW",30,770.6,178,371,0.48,"26","95","0.274",106,144,0.736,"72",109,"43","204",247,107,"40","44",488,"2019","C",3500000
"271","Anthony Davis","NOP",56,1850,530,1026,0.517,"48","145","0.331",344,433,0.794,"112",132,"174","498",672,218,"88","135",1452,"2019","C",27093018
"272","Ed Davis","BRK",81,1446.1,186,302,0.616,"0","2","0",100,162,0.617,"64",226,"216","478",694,61,"35","33",472,"2019","C",4767000
"273","Dewayne Dedmon","ATL",64,1609.2,259,526,0.492,"83","217","0.382",92,113,0.814,"84",214,"105","375",480,90,"69","71",693,"2019","C",13333333
"274","Gorgui Dieng","MIN",76,1031.1,189,377,0.501,"19","56","0.339",88,106,0.83,"57",134,"81","230",311,72,"48","41",485,"2019","C",16229213
"275","Andre Drummond","DET",79,2647.1,561,1052,0.533,"5","38","0.132",243,412,0.59,"175",272,"423","809",1232,112,"136","138",1370,"2019","C",27093019
"276","Joel Embiid","PHI",64,2154.3,580,1199,0.484,"79","263","0.3",522,649,0.804,"226",211,"160","710",870,234,"46","122",1761,"2019","C",27504630
"277","Cristiano Felicio","CHI",60,746.3,95,179,0.531,"0","4","0",50,73,0.685,"33",69,"79","139",218,37,"11","7",240,"2019","C",8156500
"278","Marc Gasol","TOR",79,2436.1,390,870,0.448,"99","273","0.363",192,253,0.759,"155",217,"80","547",627,349,"84","86",1071,"2019","C",25595700
"279","Rudy Gobert","UTA",81,2576.7,476,712,0.669,"0","0","0",332,522,0.636,"130",231,"309","732",1041,161,"66","187",1284,"2019","C",23241573
"280","Marcin Gortat","LAC",47,750.5,99,186,0.532,"0","0","0",35,48,0.729,"50",92,"67","194",261,65,"6","24",233,"2019","C",13565218
"281","Montrezl Harrell","LAC",82,2158.2,546,888,0.615,"3","17","0.176",266,414,0.643,"132",255,"184","351",535,162,"71","110",1361,"2019","C",6e+06
"282","John Henson","MIL",14,188.4,31,67,0.463,"11","31","0.355",6,10,0.6,"12",16,"16","55",71,14,"7","11",79,"2019","C",9732396
"283","Willy Hernangomez","CHA",58,812,153,295,0.519,"15","39","0.385",100,144,0.694,"58",98,"117","194",311,60,"16","20",421,"2019","C",1676735
"284","Richaun Holmes","PHX",70,1183.7,222,365,0.608,"0","0","0",128,175,0.731,"52",194,"115","216",331,60,"42","79",572,"2019","C",4767000
"285","Al Horford","BOS",68,1972.8,387,723,0.535,"73","203","0.36",78,95,0.821,"102",126,"120","338",458,283,"59","86",925,"2019","C",2.8e+07
"286","Dwight Howard","WAS",9,229.6,43,69,0.623,"0","0","0",29,48,0.604,"16",34,"24","59",83,4,"7","4",115,"2019","C",1620564
"287","Serge Ibaka","TOR",74,2010.5,464,877,0.529,"49","169","0.29",135,177,0.763,"114",211,"156","445",601,99,"29","103",1112,"2019","C",23271604
"288","Nikola Jokic","DEN",80,2503.9,616,1206,0.511,"83","270","0.307",289,352,0.821,"248",228,"228","637",865,580,"108","55",1604,"2019","C",27504630
"289","Damian Jones","GSW",24,409.6,53,74,0.716,"0","0","0",24,37,0.649,"16",63,"31","44",75,28,"12","25",130,"2019","C",2305057
"290","DeAndre Jordan","NYK",69,2047.3,286,446,0.641,"0","0","0",186,264,0.705,"153",167,"225","676",901,156,"42","73",758,"2019","C",9881598
"291","Frank Kaminsky","CHA",47,754.8,138,298,0.463,"50","139","0.36",79,107,0.738,"41",68,"39","124",163,63,"12","12",405,"2019","C",4767000
"292","Enes Kanter","POR",67,1639.6,375,683,0.549,"10","34","0.294",155,197,0.787,"118",167,"257","402",659,116,"32","26",915,"2019","C",4767000
"293","Luke Kornet","NYK",46,784,107,283,0.378,"70","193","0.363",38,46,0.826,"25",41,"28","107",135,54,"27","42",322,"2019","C",2250000
"294","Alex Len","ATL",77,1544.2,320,648,0.494,"74","204","0.363",140,216,0.648,"97",200,"158","266",424,86,"27","69",854,"2019","C",4160000
"295","Meyers Leonard","POR",61,877.6,132,242,0.545,"50","111","0.45",43,51,0.843,"43",105,"49","184",233,75,"13","9",357,"2019","C",11286516
"296","Kevon Looney","GSW",80,1481.4,217,347,0.625,"1","10","0.1",65,105,0.619,"51",211,"194","223",417,123,"46","53",500,"2019","C",4464226
"297","Brook Lopez","MIL",81,2321.7,355,786,0.452,"187","512","0.365",112,133,0.842,"82",189,"33","363",396,98,"51","179",1009,"2019","C",12093023
"298","Robin Lopez","CHI",74,1605.9,304,535,0.568,"7","31","0.226",89,123,0.724,"96",124,"140","146",286,89,"11","78",704,"2019","C",4767000
"299","Thon Maker","DET",64,972.2,109,268,0.407,"49","153","0.32",56,84,0.667,"33",105,"41","161",202,45,"21","51",323,"2019","C",3569643
"300","Boban Marjanovic","PHI",58,680.7,160,260,0.615,"4","10","0.4",98,131,0.748,"59",90,"87","178",265,54,"16","27",422,"2019","C",3500000
"301","JaVale McGee","LAL",75,1670.8,400,641,0.624,"1","12","0.083",96,152,0.632,"108",208,"195","371",566,52,"47","148",897,"2019","C",4e+06
"302","Mike Muscala","LAL",64,1305.9,145,361,0.402,"89","256","0.348",70,85,0.824,"48",130,"57","187",244,76,"22","38",449,"2019","C",2028594
"303","Nerlens Noel","OKC",77,1055.5,162,276,0.587,"0","0","0",54,79,0.684,"48",166,"127","198",325,45,"66","96",378,"2019","C",1620564
"304","Jusuf Nurkic","POR",72,1973.7,420,826,0.508,"3","29","0.103",282,365,0.773,"168",250,"243","505",748,233,"71","103",1125,"2019","C",13125000
"305","Jahlil Okafor","NOP",59,934.9,212,362,0.586,"1","5","0.2",59,89,0.663,"52",96,"82","196",278,40,"15","40",484,"2019","C",1702486
"306","Mason Plumlee","DEN",82,1730.8,262,442,0.593,"2","10","0.2",111,198,0.561,"126",252,"165","359",524,243,"66","76",637,"2019","C",14041096
"307","Jakob Poeltl","SAS",77,1272.6,187,290,0.645,"0","0","0",49,92,0.533,"48",124,"178","232",410,93,"29","68",423,"2019","C",3754886
"308","Bobby Portis","WAS",50,1298.2,279,628,0.444,"75","191","0.393",77,97,0.794,"74",145,"109","294",403,72,"35","20",710,"2019","C",1.5e+07
"309","Dwight Powell","DAL",77,1662.5,290,486,0.597,"39","127","0.307",196,254,0.772,"67",201,"140","271",411,112,"44","50",815,"2019","C",10259375
"310","Mitchell Robinson","NYK",66,1359.5,202,291,0.694,"0","0","0",81,135,0.6,"35",217,"177","246",423,37,"52","161",485,"2019","C",1599712
"311","Domantas Sabonis","IND",74,1838.5,413,700,0.59,"9","17","0.529",208,291,0.715,"160",239,"186","504",690,212,"48","30",1043,"2019","C",3529555
"312","Daniel Theis","BOS",66,907.6,146,266,0.549,"26","67","0.388",56,76,0.737,"33",161,"87","138",225,68,"21","42",374,"2019","C",5e+06
"313","Tristan Thompson","CLE",43,1197.8,201,380,0.529,"0","0","0",68,106,0.642,"59",89,"173","265",438,86,"28","16",470,"2019","C",18539130
"314","Karl-Anthony Towns","MIN",77,2544.7,681,1314,0.518,"142","355","0.4",376,450,0.836,"240",292,"263","691",954,259,"67","125",1880,"2019","C",27285000
"315","Myles Turner","IND",74,2119,380,780,0.487,"76","196","0.388",148,201,0.736,"100",195,"101","430",531,115,"60","199",984,"2019","C",1.8e+07
"316","Jonas Valanciunas","MEM",49,1091.2,301,538,0.559,"14","48","0.292",147,185,0.795,"90",146,"106","313",419,70,"19","53",763,"2019","C",1.6e+07
"317","Nikola Vucevic","ORL",80,2510.3,701,1354,0.518,"84","231","0.364",179,227,0.789,"159",157,"224","736",960,307,"81","89",1665,"2019","C",2.8e+07
"318","Hassan Whiteside","MIA",72,1674.3,388,680,0.571,"2","16","0.125",109,243,0.449,"97",192,"257","560",817,56,"46","136",887,"2019","C",27093017
"319","D.J. Wilson","MIL",48,882,104,251,0.414,"46","127","0.362",26,47,0.553,"32",85,"45","177",222,52,"18","20",280,"2019","C",2961120
"320","Cody Zeller","CHA",49,1243,190,345,0.551,"6","22","0.273",111,141,0.787,"62",164,"110","223",333,102,"38","41",497,"2019","C",14471910
"321","Ante Zizic","CLE",59,1082,183,331,0.553,"0","0","0",93,132,0.705,"61",113,"108","212",320,53,"13","22",459,"2019","C",2281800
"322","Ivica Zubac","LAC",59,1039.3,212,379,0.559,"0","0","0",101,126,0.802,"70",137,"115","247",362,63,"14","51",525,"2019","C",6481482
